<metadata><mdFileID>{A3BDC9E2-4B91-4D9F-B505-7AC16E34AF5E}</mdFileID><mdLang><languageCode value="eng"/><countryCode value="GBR" Sync="TRUE"/></mdLang><mdChar Sync="TRUE"><CharSetCd value="004"/></mdChar><mdHrLv2>dataset</mdHrLv2><mdHrLvName2>Geodatabase feature class</mdHrLvName2><mdDateSt Sync="TRUE">20140924</mdDateSt><mdStanName2>ISO19115:2003</mdStanName2><mdStanVer2>GISCO 1.2.0</mdStanVer2><dataSetURI>Server=crab.cc.cec.eu.int; Service=port:5154; User=giscoread; Version=SDE.DEFAULT</dataSetURI><spatRepInfo><VectSpatRep><geometObjs Name="CNTR_LB_2014"><geoObjTyp><GeoObjTypCd value="004" Sync="TRUE"></GeoObjTypCd></geoObjTyp><geoObjCnt Sync="TRUE">0</geoObjCnt></geometObjs><topLvl><TopoLevCd value="001" Sync="TRUE"></TopoLevCd></topLvl></VectSpatRep></spatRepInfo><refSysInfo><refSysId><identCode>GCS_ETRS_1989</identCode></refSysId><RefSystem><refSysID><identCode>GCS_ETRS_1989</identCode><idCodeSpace Sync="TRUE">EPSG</idCodeSpace><idVersion Sync="TRUE">7.4.1</idVersion></refSysID></RefSystem></refSysInfo><dataIdInfo><idCitation><resTitle>Country Labels version 2010</resTitle><resRefDate><refDate>20111206</refDate><refDateType><DateTypCd value="001"/></refDateType></resRefDate><resRefDate><refDate>20111206</refDate><refDateType><DateTypCd value="003"/></refDateType></resRefDate><resEd>2010</resEd><resEdDate>20111201</resEdDate><citRespParty><rpOrgName>Eurostat GISCO - European Commission</rpOrgName><rpCntInfo><cntPhone><voiceNum>+352 4301 32076</voiceNum><faxNum>+352 4301 32029</faxNum></cntPhone><cntAddress><delPoint>5, rue Alphonse Weicker</delPoint><city>Luxembourg</city><adminArea>Luxembourg</adminArea><postCode>2920</postCode><eMailAdd>estat-gisco@ec.europa.eu</eMailAdd><country>lu</country></cntAddress></rpCntInfo><role><RoleCd value="007"/></role></citRespParty><citRespParty><rpOrgName>Abaco Spa</rpOrgName><rpCntInfo><cntPhone><voiceNum>+39 0376 222 181</voiceNum><faxNum>+39 0376 222 182</faxNum></cntPhone><cntAddress><delPoint>Corso Umberto I, 43</delPoint><city>Mantova</city><postCode>46100</postCode><eMailAdd>info@abacogroup.eu</eMailAdd><country>it</country><adminArea>Mantova</adminArea></cntAddress></rpCntInfo><role><RoleCd value="009"/></role></citRespParty><resRefDate><refDateType><DateTypCd value="002"/></refDateType></resRefDate><resAltTitle>GISCO.CNTR_LB_2010</resAltTitle><presForm><PresFormCd value="005" Sync="TRUE"/></presForm><citId><identCode>5C27B6C0-BC1C-4175-9B0B-783AEEBAAD61</identCode></citId><date><pubDate>20140924</pubDate><createDate>20140701</createDate></date></idCitation><idAbs>&lt;DIV STYLE="text-align:Left;"&gt;&lt;DIV&gt;&lt;P&gt;&lt;SPAN&gt;Labels for Administrative regions on country level. Each region has exactly 1 label. The extent of the feature classes covers the entire world.&lt;/SPAN&gt;&lt;/P&gt;&lt;/DIV&gt;&lt;/DIV&gt;</idAbs><idPurp>The countries labels are used mainly for mapping purposes.</idPurp><idStatus>completed</idStatus><resMaint><maintFreq><MaintFreqCd value="010"/></maintFreq></resMaint><descKeys KeyTypCd="002"><keyTyp><KeyTypCd value="002"/></keyTyp><keyword>World</keyword></descKeys><resConst><Consts><useLimit>Conditions unknown</useLimit></Consts><LegConsts><accessConsts><RestrictCd value="001"/></accessConsts><useConsts><RestrictCd value="001"/></useConsts><othConsts>(e) intellectual property rights</othConsts></LegConsts></resConst><spatRpType><spatRepTypCd value="001"/><SpatRepTypCd value="001" Sync="TRUE"/></spatRpType><dataChar><CharSetCd value="004"/></dataChar><envirDesc Sync="TRUE">Microsoft Windows 7 Version 6.1 (Build 7601) Service Pack 1; ESRI ArcGIS 10.0.5.4400</envirDesc><dataExt xmlns=""><geoEle xmlns=""><GeoBndBox esriExtentType="native"><westBL Sync="TRUE">-177.194355</westBL><eastBL Sync="TRUE">178.690656</eastBL><northBL Sync="TRUE">78.22162</northBL><southBL Sync="TRUE">-80.724251</southBL><exTypeCode Sync="TRUE">1</exTypeCode></GeoBndBox></geoEle><tempEle><TempExtent><exTemp><TM_Period xmlns=""><tmBegin>20140101</tmBegin></TM_Period></exTemp></TempExtent></tempEle></dataExt><geoBox esriExtentType="decdegrees"><westBL Sync="TRUE">-177.194355</westBL><eastBL Sync="TRUE">178.690656</eastBL><northBL Sync="TRUE">78.22162</northBL><southBL Sync="TRUE">-80.724251</southBL><exTypeCode Sync="TRUE">1</exTypeCode></geoBox><dataLang><languageCode value="eng"/><countryCode value="GBR" Sync="TRUE"/></dataLang><descKeys KeyTypCd="005"><keyTyp><KeyTypCd value="005"/></keyTyp><keyword>Countries</keyword></descKeys><descKeys KeyTypCd="005"><keyTyp><KeyTypCd value="005"/></keyTyp><thesaName><resTitle>Directive 20007/.../EC/ of the European parliament and of the Council of establishing an Infrastructure for Spatial Information in the European Community (INSPIRE)</resTitle></thesaName><keyword>Administrative Units</keyword></descKeys><idPoC Sync="TRUE" xmlns=""><rpOrgName Sync="TRUE">Eurostat GISCO - European Commission</rpOrgName><rpCntInfo><cntPhone><voiceNum Sync="TRUE" tddtty="">+352 4301 32076</voiceNum><faxNum Sync="TRUE">+352 4301 32029</faxNum></cntPhone><cntAddress addressType=""><delPoint Sync="TRUE">5, rue Alphonse Weicker</delPoint><city Sync="TRUE">Luxembourg</city><adminArea Sync="TRUE">Luxembourg</adminArea><postCode Sync="TRUE">2920</postCode><country Sync="TRUE">lu</country><eMailAdd Sync="TRUE">estat-gisco@ec.europa.eu</eMailAdd></cntAddress></rpCntInfo><role><RoleCd Sync="TRUE" value="002"/></role></idPoC><dataExt xmlns=""><geoEle xmlns=""><GeoBndBox esriExtentType="search"><exTypeCode Sync="TRUE">1</exTypeCode><westBL Sync="TRUE">-177.194355</westBL><eastBL Sync="TRUE">178.690656</eastBL><northBL Sync="TRUE">78.221620</northBL><southBL Sync="TRUE">-80.724251</southBL></GeoBndBox></geoEle></dataExt><themeKeys xmlns=""><thesaName xmlns=""><resTitle>GEMET - INSPIRE themes, version 1.0</resTitle><date><pubDate>2008-01-06T00:00:00</pubDate></date></thesaName><keyword>Administrative units</keyword></themeKeys><themeKeys xmlns=""><thesaName xmlns=""><resTitle>GEMET - INSPIRE themes, version 1.0</resTitle><date><pubDate>2008-01-06T00:00:00</pubDate></date></thesaName><keyword>Geographical names</keyword></themeKeys><themeKeys xmlns=""><thesaName xmlns=""><resTitle>GEMET - Concepts, version 2.4</resTitle><date><pubDate>13/01/2010</pubDate></date></thesaName><keyword>administration</keyword></themeKeys><dataScale xmlns=""><equScale><rfDenom>1000000</rfDenom></equScale><scaleDist><value uom="m"/></scaleDist></dataScale><tpCat><TopicCatCd value="03"/></tpCat><tpCat><TopicCatCd value="003"/></tpCat><tpCat><TopicCatCd value="013"/></tpCat></dataIdInfo><distInfo><distributor><distorCont><rpOrgName>Eurostat GISCO - European Commission</rpOrgName><rpCntInfo><cntPhone><voiceNum>+352 4301 32076</voiceNum><faxNum>+352 4301 32029</faxNum></cntPhone><cntAddress><delPoint>5, rue Alphonse Weicker</delPoint><city>Luxembourg</city><adminArea>Luxembourg</adminArea><postCode>2920</postCode><eMailAdd>estat-gisco@ec.europa.eu</eMailAdd><country>lu</country></cntAddress></rpCntInfo><role><RoleCd value="005"/></role></distorCont><distorFormat><formatName Sync="TRUE">File Geodatabase Feature Class</formatName><formatVer>9.3.1</formatVer></distorFormat><distorTran><onLineSrc><linkage>file://\\ABACOPORT-PC\C\Condivisa\work\EUROSTAT\work\SC3\ACT_2\work\SC3_A2_GENERALISATION.gdb</linkage><orFunct><OnFunctCd value="001"/></orFunct><orDesc Sync="TRUE">002</orDesc><protocol Sync="TRUE">Local Area Network</protocol></onLineSrc></distorTran></distributor><distFormat><formatName Sync="TRUE">Shapefile</formatName></distFormat><distTranOps><transSize Sync="TRUE">0.000</transSize></distTranOps></distInfo><dqInfo xmlns=""><dataLineage><statement>This dataset (together with the other datasets: NUTS_2010, COMM_2010 and COAS_2010) is based on geometry of EBM 2010 of EuroGeographics on commune level with a resolution of 30m (scale 1:100.000) and GRO SCOTLAND DATA data  enriched with some other datasources like  Gaul 2010  country data, Turkish features from GISCO data 2006 and Esri dataset for the Capitals of the World.
This resulted in a common repository of geometry of which the different datasets were derived. The different scale levels were derived of generalisations of the common repository on 100K scale. This means that within each scale level the feature classes of all these datasets: COMM_2010, NUTS_2010, CNTR_2014 and COAS_2010, are fully coherent and compliant.
	
In addition to the region and boundary feature classes there is also 1 label feature class which is scale independent and 1 point feature class about the Capitals of the World, data source from Esri datasets. For each CNTR in the region feature class there is exactly 1 label .
For EU28 the accuracy is up to scale 1/100.000 but for the rest of the world the scale level is 1/1.000.000.
The extent of this feature class is the world.

2014-01-10 - Errors in data resolved. Mayotte now an overseas department of France and therefore merged with the France polygon. Saint Barthélemy now an overseas collectivity of France and is removed from the France record and a new record with the ISO code BL is created.
2014-07-01 - Albania now EU candidate, South Sudan added, and Kosovo code changed to XK</statement><prcStep><description>The input for this label feature class was prepared in Arctool box of ARCGIS based on the regions of the CNTR_RG_100K_2010 feature class.

It has been respected the following rules:

a.) One label point per region;
b.) The label point must be inside of the region in case of single part regions;
c.) In case of multipart regions: the label point will be situated in the part which covers more then 50% of the total area. If there is no part covering more the 50% of the total area then the label point will be placed in the center of gravity of the region.

The resulting label were loaded with the simple data loader of ArcGIS to the feature class CNTR_LB_2010.
</description></prcStep><dataSource><srcDesc>Labels generated from CNTR_2010 polygon features. See "process step information" for further details.</srcDesc></dataSource></dataLineage><DQConcConsis><measName>Completeness of Dataset</measName><measDesc>All feature classes, attribute tables and relationship classes should be present</measDesc><evalMethDesc>Re-application of schema to dataset</evalMethDesc><measDateTm>20111201</measDateTm><ConResult><conExpl>All feature classes, attribute tables and relationship classes are present</conExpl><conPass>true</conPass><conSpec><resRefDate><refDateType><DateTypCd value="[invalid date type]"/></refDateType></resRefDate></conSpec></ConResult></DQConcConsis><DQDomConsis><measName>Referential Integrity of Dataset</measName><measDesc>The integrity and cardinality of the relationships (conceptual and implemented) was checked by enforcing primary and foreign key integrity constraints in Oracle. The constraints referencing coded value domain tables were a test of domain consistency.</measDesc><evalMethDesc>Errors will show during creation of integrity constraints in Oracle. Constraints will not be applicable in case of violations to the consistency.</evalMethDesc><measDateTm>20111201</measDateTm><ConResult><conExpl>No errors occurred, so the integrity of all primary and foreign keys was confirmed. All the values of each coded value attribute are compliant to the domains (except for any NULL values). The cardinality can only be confirmed where it is strict enough for this test to detect errors.</conExpl><conPass>true</conPass><conSpec><resRefDate><refDateType><DateTypCd value="[invalid date type]"/></refDateType></resRefDate></conSpec></ConResult></DQDomConsis><DQTopConsis><measName>CNTR Labels inside CNTR regions</measName><measDesc>CNTR_LB_2010: Must be properly inside a polygon in CNTR_RG_nnM_2010 with the same CNTR_ID</measDesc><evalMethDesc>Topology rule validation</evalMethDesc><measDateTm>20111201</measDateTm><ConResult><conExpl>No real errors found, all indicated labels outside a region belonged to archipelagos</conExpl><conPass>true</conPass><conSpec><resRefDate><refDateType><DateTypCd value="[invalid date type]"/></refDateType></resRefDate></conSpec></ConResult></DQTopConsis><dqScope value="005"><scpLvl>dataset<ScopeCd value="005"/></scpLvl></dqScope><report type="DQDomConsis" dimension="horizontal"><measResult><ConResult><conSpec><resTitle>COMMISSION REGULATION (EU) No 1089/2010 of 23 November 2010 implementing Directive 2007/2/EC of the European Parliament and of the Council as regards interoperability of spatial data sets and services</resTitle><date><createDate>20101123</createDate></date></conSpec><conExpl>See the referenced specification</conExpl></ConResult></measResult></report></dqInfo><MdCoRefSys><ellipsoid><identCode>Geodetic Reference System 80</identCode></ellipsoid><datum><identCode>D_ETRS_1989</identCode></datum><ellParas><axisUnits>Degrees</axisUnits><semiMajAx>6378137.000000</semiMajAx><denFlatRat>298.257222</denFlatRat></ellParas></MdCoRefSys><eainfo><detailed Name="CNTR_LB_2014" xmlns=""><enttyp><enttypl>CNTR_LB_2014</enttypl><enttypd>Country Labels version 2014 (scale independent)</enttypd><enttypt Sync="TRUE">Feature Class</enttypt><enttypc Sync="TRUE">0</enttypc></enttyp><attr><attrlabl Sync="TRUE">FID</attrlabl><attalias Sync="TRUE">FID</attalias><attrtype Sync="TRUE">OID</attrtype><attwidth Sync="TRUE">4</attwidth><atprecis Sync="TRUE">0</atprecis><attscale Sync="TRUE">0</attscale><attrdef Sync="TRUE">Internal feature number.</attrdef><attrdefs Sync="TRUE">ESRI</attrdefs><attrdomv><udom Sync="TRUE">Sequential unique whole numbers that are automatically generated.</udom></attrdomv></attr><attr xmlns=""><attrtype Sync="TRUE">String</attrtype><attrlabl>CNTR_ID</attrlabl><attrdef>Country Identifier (2 character ISO-code for countries).
FK to the CNTR_AT table with PK: CNTR_ID</attrdef><attrdefs>GISCO</attrdefs><attwidth Sync="TRUE">3</attwidth><atprecis Sync="TRUE">0</atprecis><attscale Sync="TRUE">0</attscale><attalias Sync="TRUE">CNTR_ID</attalias></attr><attr xmlns=""><attrtype Sync="TRUE">Geometry</attrtype><attrlabl>SHAPE</attrlabl><attrdef>Feature geometry.</attrdef><attrdefs>ESRI</attrdefs><attwidth Sync="TRUE">0</attwidth><atprecis Sync="TRUE">0</atprecis><attscale Sync="TRUE">0</attscale><attalias Sync="TRUE">Shape</attalias><attrdomv><udom Sync="TRUE">Coordinates defining the features.</udom></attrdomv></attr><attr xmlns=""><attrlabl Sync="TRUE">LAT</attrlabl><attalias Sync="TRUE">LAT</attalias><attrtype Sync="TRUE">Double</attrtype><attwidth Sync="TRUE">19</attwidth><atprecis Sync="TRUE">18</atprecis><attscale Sync="TRUE">8</attscale></attr><attr xmlns=""><attrlabl Sync="TRUE">LON</attrlabl><attalias Sync="TRUE">LON</attalias><attrtype Sync="TRUE">Double</attrtype><attwidth Sync="TRUE">19</attwidth><atprecis Sync="TRUE">18</atprecis><attscale Sync="TRUE">8</attscale></attr></detailed></eainfo><Esri><CreaDate>20140729</CreaDate><CreaTime>14061500</CreaTime><SyncOnce>FALSE</SyncOnce><ModDate>20140924</ModDate><ModTime>10162600</ModTime><DataProperties><lineage><Process Name="Add Spatial Index" ToolSource="D:\Program Files\ArcGIS\ArcToolbox\Toolboxes\Data Management Tools.tbx\AddSpatialIndex" Date="20090311" Time="173819" export="">AddSpatialIndex "Database Connections\GISCO PROD.sde\GISCO.CNTR_2006\GISCO.CNTR_LB_2006" 14.6867170967076 0 0 "Database Connections\GISCO PROD.sde\GISCO.CNTR_2006\GISCO.CNTR_LB_2006"</Process><Process Name="Metadata Importer" ToolSource="D:\Program Files\ArcGIS\ArcToolbox\Toolboxes\Conversion Tools.tbx\MetadataImporter" Date="20091201" Time="183556" export="">MetadataImporter X:\20091117_FULL_PROD_BeforeUpgradeToC5_NoRaster\20091117_PROD.gdb\CNTR_2006\CNTR_LB_2006 "Database Connections\GISCO PROD.sde\GISCO.CNTR_2006\GISCO.CNTR_LB_2006" "Database Connections\GISCO PROD.sde\GISCO.CNTR_2006\GISCO.CNTR_LB_2006"</Process><Process Name="Delete Rows" ToolSource="D:\Program Files\ArcGIS\Desktop10.0\ArcToolbox\Toolboxes\Data Management Tools.tbx\DeleteRows" Date="20120425" Time="101114" export="">DeleteRows \\s-troi\connection-files\PROD\PROD-DIRECT-GISCO.sde\GISCO.CNTR_2010\GISCO.CNTR_LB_2010</Process><Process Name="Append (6)" ToolSource="D:\Program Files\ArcGIS\Desktop10.0\ArcToolbox\Toolboxes\Data Management Tools.tbx\Append" Date="20120425" Time="102030" export="">Append 'J:\users\diegoce\Specific convention\Specific convention 08\02 AB generalisatons\Final delivery v1.2\SC3_A2_GENERALISATION(Final).gdb\CNTR_2010\CNTR_LB_2010' \\s-troi\connection-files\PROD\PROD-DIRECT-GISCO.sde\GISCO.CNTR_2010\GISCO.CNTR_LB_2010 TEST # #</Process><Process Name="Delete Features" ToolSource="C:\Program Files (x86)\ArcGIS\Desktop10.0\ArcToolbox\Toolboxes\Data Management Tools.tbx\DeleteFeatures" Date="20121128" Time="094929" export="">DeleteFeatures Z:\webapp\mapservices\Maps\connection-files\PROD\PROD-DIRECT-GISCO_11g.sde\GISCO.CNTR_2010\GISCO.CNTR_LB_2010</Process><Process Name="Append" ToolSource="C:\Program Files (x86)\ArcGIS\Desktop10.0\ArcToolbox\Toolboxes\Data Management Tools.tbx\Append" Date="20121128" Time="095445" export="">Append 'J:\users\diegoce\Specific convention\Specific convention 08\02 AB generalisatons\Final delivery v1.3\SC3_A2_GENERALISATION(12_09_2012).gdb\CNTR_2010\CNTR_LB_2010' Z:\webapp\mapservices\Maps\connection-files\PROD\PROD-DIRECT-GISCO_11g.sde\GISCO.CNTR_2010\GISCO.CNTR_LB_2010 TEST # #</Process><Process ToolSource="C:\Program Files (x86)\ArcGIS\Desktop10.0\ArcToolbox\Toolboxes\Data Management Tools.tbx\ChangePrivileges" Date="20121210" Time="164304" Name="" export="">ChangePrivileges Z:\app\tools\MSMToolset\GISCO.sde\GISCO.CNTR_2010\GISCO.CNTR_LB_2010 giscoview GRANT AS_IS</Process><Process Name="Tool 1 - Change Privileges to Selected FC" ToolSource="Z:\app\tools\MSMToolset\GISCO MAP SERVICES MANAGEMENT TOOLSET.tbx\ChangePrivileges2SelectedFC" Date="20121210" Time="164306" export="">ChangePrivileges2SelectedFC Z:\app\tools\MSMToolset\GISCO.sde\GISCO.CNTR_2010\GISCO.CNTR_LB_2010 Z:\app\tools\MSMToolset\GISCO.sde\GISCO.CNTR_AT;Z:\app\tools\MSMToolset\GISCO.sde\GISCO.POLI_ORG_DOM GISCOVIEW</Process><Process ToolSource="C:\Program Files (x86)\ArcGIS\Desktop10.0\ArcToolbox\Toolboxes\Data Management Tools.tbx\ChangePrivileges" Date="20121210" Time="171555" Name="" export="">ChangePrivileges Z:\app\tools\MSMToolset\GISCO.sde\GISCO.CNTR_2010\GISCO.CNTR_LB_2010 giscoview GRANT AS_IS</Process><Process Name="Tool 1 - Change Privileges to Selected FC" ToolSource="Z:\app\tools\MSMToolset\GISCO MAP SERVICES MANAGEMENT TOOLSET.tbx\ChangePrivileges2SelectedFC" Date="20121210" Time="171559" export="">ChangePrivileges2SelectedFC Z:\app\tools\MSMToolset\GISCO.sde\GISCO.CNTR_2010\GISCO.CNTR_LB_2010 Z:\app\tools\MSMToolset\GISCO.sde\GISCO.CNTR_AT;Z:\app\tools\MSMToolset\GISCO.sde\GISCO.POLI_ORG_DOM GISCOVIEW</Process><Process ToolSource="C:\Program Files (x86)\ArcGIS\Desktop10.0\ArcToolbox\Toolboxes\Data Management Tools.tbx\ChangePrivileges" Date="20121210" Time="173542" Name="" export="">ChangePrivileges Z:\app\tools\MSMToolset\GISCO.sde\GISCO.CNTR_2010\GISCO.CNTR_LB_2010 giscoview GRANT AS_IS</Process><Process Name="Tool 1 - Change Privileges to Selected FC" ToolSource="Z:\app\tools\MSMToolset\GISCO MAP SERVICES MANAGEMENT TOOLSET.tbx\ChangePrivileges2SelectedFC" Date="20121210" Time="173544" export="">ChangePrivileges2SelectedFC Z:\app\tools\MSMToolset\GISCO.sde\GISCO.CNTR_2010\GISCO.CNTR_LB_2010 Z:\app\tools\MSMToolset\GISCO.sde\GISCO.CNTR_AT;Z:\app\tools\MSMToolset\GISCO.sde\GISCO.POLI_ORG_DOM GISCOVIEW</Process><Process ToolSource="C:\Program Files (x86)\ArcGIS\Desktop10.0\ArcToolbox\Toolboxes\Data Management Tools.tbx\ChangePrivileges" Date="20121211" Time="181133" Name="" export="">ChangePrivileges Z:\app\tools\MSMToolset\GISCO.sde\GISCO.CNTR_2010\GISCO.CNTR_LB_2010 giscoview GRANT AS_IS</Process><Process Name="Tool 1 - Change Privileges to Selected FC" ToolSource="Z:\app\tools\MSMToolset\GISCO MAP SERVICES MANAGEMENT TOOLSET.tbx\ChangePrivileges2SelectedFC" Date="20121211" Time="181135" export="">ChangePrivileges2SelectedFC Z:\app\tools\MSMToolset\GISCO.sde\GISCO.CNTR_2010\GISCO.CNTR_LB_2010 Z:\app\tools\MSMToolset\GISCO.sde\GISCO.CNTR_AT;Z:\app\tools\MSMToolset\GISCO.sde\GISCO.POLI_ORG_DOM GISCOVIEW</Process><Process ToolSource="C:\Program Files (x86)\ArcGIS\Desktop10.0\ArcToolbox\Toolboxes\Data Management Tools.tbx\ChangePrivileges" Date="20121212" Time="090344" Name="" export="">ChangePrivileges Z:\app\tools\MSMToolset\GISCO.sde\GISCO.CNTR_2010\GISCO.CNTR_LB_2010 giscoview GRANT AS_IS</Process><Process Name="Tool 1 - Change Privileges to Selected FC" ToolSource="Z:\app\tools\MSMToolset\GISCO MAP SERVICES MANAGEMENT TOOLSET.tbx\ChangePrivileges2SelectedFC" Date="20121212" Time="090346" export="">ChangePrivileges2SelectedFC Z:\app\tools\MSMToolset\GISCO.sde\GISCO.CNTR_2010\GISCO.CNTR_LB_2010 Z:\app\tools\MSMToolset\GISCO.sde\GISCO.CNTR_AT;Z:\app\tools\MSMToolset\GISCO.sde\GISCO.POLI_ORG_DOM GISCOVIEW</Process><Process ToolSource="C:\Program Files (x86)\ArcGIS\Desktop10.0\ArcToolbox\Toolboxes\Data Management Tools.tbx\ChangePrivileges" Date="20121212" Time="092029" Name="" export="">ChangePrivileges Z:\app\tools\MSMToolset\GISCO.sde\GISCO.CNTR_2010\GISCO.CNTR_LB_2010 giscoview GRANT AS_IS</Process><Process Name="Tool 1 - Change Privileges to Selected FC" ToolSource="Z:\app\tools\MSMToolset\GISCO MAP SERVICES MANAGEMENT TOOLSET.tbx\ChangePrivileges2SelectedFC" Date="20121212" Time="092032" export="">ChangePrivileges2SelectedFC Z:\app\tools\MSMToolset\GISCO.sde\GISCO.CNTR_2010\GISCO.CNTR_LB_2010 Z:\app\tools\MSMToolset\GISCO.sde\GISCO.CNTR_AT;Z:\app\tools\MSMToolset\GISCO.sde\GISCO.POLI_ORG_DOM GISCOVIEW</Process><Process Name="Delete Features" ToolSource="C:\Program Files (x86)\ArcGIS\Desktop10.0\ArcToolbox\Toolboxes\Data Management Tools.tbx\DeleteFeatures" Date="20130603" Time="180808" export="">DeleteFeatures Z:\webapp\mapservices\Maps\connection-files\PROD\PROD-DIRECT-GISCO_11g.sde\GISCO.CNTR_2010\GISCO.CNTR_LB_2010</Process><Process Name="Append" ToolSource="C:\Program Files (x86)\ArcGIS\Desktop10.0\ArcToolbox\Toolboxes\Data Management Tools.tbx\Append" Date="20130603" Time="180813" export="">Append J:\develop\Database-Updates\NUTS.gdb\CNTR_2010\CNTR_LB_2010 Z:\webapp\mapservices\Maps\connection-files\PROD\PROD-DIRECT-GISCO_11g.sde\GISCO.CNTR_2010\GISCO.CNTR_LB_2010 TEST # #</Process><Process Name="Delete Features" ToolSource="C:\Program Files (x86)\ArcGIS\Desktop10.0\ArcToolbox\Toolboxes\Data Management Tools.tbx\DeleteFeatures" Date="20130705" Time="105155" export="">DeleteFeatures Z:\webapp\mapservices\Maps\connection-files\PROD\PROD-DIRECT-GISCO_11g.sde\GISCO.CNTR_2010\GISCO.CNTR_LB_2010</Process><Process Name="Append" ToolSource="C:\Program Files (x86)\ArcGIS\Desktop10.0\ArcToolbox\Toolboxes\Data Management Tools.tbx\Append" Date="20130705" Time="105159" export="">Append J:\develop\Database-Updates\Croatia_acsession\Country.gdb\CNTR_2010\CNTR_LB_2010 Z:\webapp\mapservices\Maps\connection-files\PROD\PROD-DIRECT-GISCO_11g.sde\GISCO.CNTR_2010\GISCO.CNTR_LB_2010 TEST # #</Process><Process Name="Delete Features" ToolSource="C:\Program Files (x86)\ArcGIS\Desktop10.0\ArcToolbox\Toolboxes\Data Management Tools.tbx\DeleteFeatures" Date="20140106" Time="133434" export="">DeleteFeatures Z:\webapp\mapservices\Maps\connection-files\PROD\PROD-DIRECT-GISCO_11g.sde\GISCO.CNTR_2010\GISCO.CNTR_LB_2010</Process><Process Name="Append" ToolSource="C:\Program Files (x86)\ArcGIS\Desktop10.0\ArcToolbox\Toolboxes\Data Management Tools.tbx\Append" Date="20140106" Time="133439" export="">Append V:\QA\Edits\Final\Final.gdb\CNTR_2010\CNTR_LB_2010 Z:\webapp\mapservices\Maps\connection-files\PROD\PROD-DIRECT-GISCO_11g.sde\GISCO.CNTR_2010\GISCO.CNTR_LB_2010 TEST # #</Process><Process Name="Delete Features" ToolSource="c:\program files (x86)\arcgis\desktop10.1\ArcToolbox\Toolboxes\Data Management Tools.tbx\DeleteFeatures" Date="20140114" Time="151342" export="">DeleteFeatures Z:\webapp\mapservices\Maps\connection-files\PROD\PROD-DIRECT-GISCO_11g.sde\GISCO.CNTR_2010\GISCO.CNTR_LB_2010</Process><Process Name="Append" ToolSource="c:\program files (x86)\arcgis\desktop10.1\ArcToolbox\Toolboxes\Data Management Tools.tbx\Append" Date="20140114" Time="151346" export="">Append J:\develop\Database-Updates\Jan_14\Final.gdb\CNTR_2010\CNTR_LB_2010 Z:\webapp\mapservices\Maps\connection-files\PROD\PROD-DIRECT-GISCO_11g.sde\GISCO.CNTR_2010\GISCO.CNTR_LB_2010 TEST # #</Process><Process ToolSource="c:\program files (x86)\arcgis\desktop10.1\ArcToolbox\Toolboxes\Data Management Tools.tbx\CopyFeatures" Date="20140429" Time="152120" Name="" export="">CopyFeatures \\s-tpol\connection-files\PROD\PROD-DIRECT-GISCOVIEW-ARCESTP-11g.sde\GISCO.CNTR_2010\GISCO.CNTR_LB_2010 J:\users\harromi\Countries\g2014_2013_2\g2014_2013_2\CNTR_Current.gdb\CNTR_LB_2010 # 0 0 0</Process><Process ToolSource="c:\program files (x86)\arcgis\desktop10.1\ArcToolbox\Toolboxes\Data Management Tools.tbx\CopyFeatures" Date="20140506" Time="115536" Name="" export="">CopyFeatures J:\users\harromi\Countries\g2014_2013_2\g2014_2013_2\CNTR_Current.gdb\CNTR_LB_2010 J:\users\harromi\Countries\g2014_2013_2\g2014_2013_2\cntr_2014.gdb\CNTR_2014\CNTR_LB_2010 # 0 0 0</Process><Process ToolSource="C:\Program Files (x86)\ArcGIS\Desktop10.0\ArcToolbox\Toolboxes\Data Management Tools.tbx\CopyFeatures" Date="20140924" Time="101627">CopyFeatures \\s-tpol\connection-files\DEV\DEV-DIRECT-GISCO-11g.sde\GISCO.CNTR_2014\GISCO.CNTR_LB_2014 J:\develop\Database-Updates\CNTR_and_NUTS_db_updates_for_GISCO\2014-SEPT\CNTR_2014_SH\CNTR_LB_2014.shp # 0 0 0</Process></lineage><itemProps><itemLocation><linkage Sync="TRUE">file://\\s-tlar\development\develop\Database-Updates\CNTR_and_NUTS_db_updates_for_GISCO\2014-SEPT\CNTR_2014_SH\CNTR_LB_2014.shp</linkage><protocol Sync="TRUE">Local Area Network</protocol></itemLocation><itemName Sync="TRUE">CNTR_LB_2014</itemName><imsContentType Sync="TRUE">002</imsContentType><nativeExtBox><westBL Sync="TRUE">-177.194355</westBL><eastBL Sync="TRUE">178.690656</eastBL><southBL Sync="TRUE">-80.724251</southBL><northBL Sync="TRUE">78.221620</northBL><exTypeCode Sync="TRUE">1</exTypeCode></nativeExtBox><itemSize Sync="TRUE">0.000</itemSize></itemProps><coordRef><type Sync="TRUE">Geographic</type><geogcsn Sync="TRUE">GCS_ETRS_1989</geogcsn><csUnits Sync="TRUE">Angular Unit: Degree (0.017453)</csUnits><peXml Sync="TRUE">&lt;GeographicCoordinateSystem xsi:type='typens:GeographicCoordinateSystem' xmlns:xsi='http://www.w3.org/2001/XMLSchema-instance' xmlns:xs='http://www.w3.org/2001/XMLSchema' xmlns:typens='http://www.esri.com/schemas/ArcGIS/10.0'&gt;&lt;WKT&gt;GEOGCS[&amp;quot;GCS_ETRS_1989&amp;quot;,DATUM[&amp;quot;D_ETRS_1989&amp;quot;,SPHEROID[&amp;quot;GRS_1980&amp;quot;,6378137.0,298.257222101]],PRIMEM[&amp;quot;Greenwich&amp;quot;,0.0],UNIT[&amp;quot;Degree&amp;quot;,0.0174532925199433],AUTHORITY[&amp;quot;EPSG&amp;quot;,4258]]&lt;/WKT&gt;&lt;XOrigin&gt;-399.99999999999989&lt;/XOrigin&gt;&lt;YOrigin&gt;-399.99999999999989&lt;/YOrigin&gt;&lt;XYScale&gt;11258999068426.24&lt;/XYScale&gt;&lt;ZOrigin&gt;-100000&lt;/ZOrigin&gt;&lt;ZScale&gt;10000&lt;/ZScale&gt;&lt;MOrigin&gt;-100000&lt;/MOrigin&gt;&lt;MScale&gt;10000&lt;/MScale&gt;&lt;XYTolerance&gt;8.9831528411952117e-009&lt;/XYTolerance&gt;&lt;ZTolerance&gt;0.001&lt;/ZTolerance&gt;&lt;MTolerance&gt;0.001&lt;/MTolerance&gt;&lt;HighPrecision&gt;true&lt;/HighPrecision&gt;&lt;LeftLongitude&gt;-180&lt;/LeftLongitude&gt;&lt;WKID&gt;4258&lt;/WKID&gt;&lt;/GeographicCoordinateSystem&gt;</peXml></coordRef></DataProperties><PublishStatus>Published</PublishStatus><SyncDate>20140924</SyncDate><SyncTime>10162600</SyncTime><ArcGISFormat>1.0</ArcGISFormat><ArcGISstyle>GISCO Metadata Editor 2012</ArcGISstyle><ArcGISProfile>INSPIRE</ArcGISProfile></Esri><dataqual><lineage><procstep><procdesc Sync="TRUE">Metadata imported.</procdesc><srcused Sync="TRUE">J:\develop\metadata\GISCO.CNTR_2006.GISCO.CNTR_LB_2006.xml</srcused><date Sync="TRUE">20081205</date><time Sync="TRUE">12083300</time></procstep><procstep><procdesc Sync="TRUE">Metadata imported.</procdesc><srcused Sync="TRUE">J:\develop\metadata\20090113-DEV-UpdatedNUTS2006\GISCO.CNTR_2006.GISCO.CNTR_LB_2006.xml</srcused><date Sync="TRUE">20090113</date><time Sync="TRUE">15563400</time></procstep><procstep><procdesc Sync="TRUE">Dataset copied.</procdesc><srcused Sync="TRUE">Server=anteater.cc.cec.eu.int; Service=port:5153; User=gisco; Version=SDE.DEFAULT</srcused><procdate Sync="TRUE">20090304</procdate><proctime Sync="TRUE">14155800</proctime></procstep><procstep><procdesc Sync="TRUE">Dataset copied.</procdesc><srcused Sync="TRUE">\\D02DI0616275\E\WorkSpace\GISCODBBackups\20090304_FULL_PROD_BeforeReinstallation_RasterIncluded\20090304_PROD.gdb</srcused><procdate Sync="TRUE">20090309</procdate><proctime Sync="TRUE">13223400</proctime></procstep><procstep><procdesc Sync="TRUE">Dataset copied.</procdesc><srcused Sync="TRUE">Server=anteater.cc.cec.eu.int; Service=port:5153; User=gisco; Version=SDE.DEFAULT</srcused><procdate Sync="TRUE">20091117</procdate><proctime Sync="TRUE">11040100</proctime></procstep><procstep><procdesc Sync="TRUE">Dataset copied.</procdesc><srcused Sync="TRUE">Service=sde:oracle10g; User=gisco; Version=SDE.DEFAULT</srcused><procdate Sync="TRUE">20100210</procdate><proctime Sync="TRUE">09202300</proctime></procstep><procstep><procdesc Sync="TRUE">Metadata imported.</procdesc><srcused Sync="TRUE">C:\Condivisa\work\EUROSTAT\work\SC3\ACT_2\docs\TASKDESCRIPTION\metadati\final\SC3ACT2\CNTR_LB_2006.xml</srcused><procdate Sync="TRUE">20111205</procdate><proctime Sync="TRUE">16454700</proctime></procstep></lineage></dataqual><editorCustomization version="v1.1"/><mdHrLv><ScopeCd Sync="TRUE" value="005"/></mdHrLv><mdHrLvName Sync="TRUE">dataset</mdHrLvName><mdStanName Sync="TRUE">ISO 19115 Geographic Information - Metadata</mdStanName><mdStanVer Sync="TRUE">DIS_ESRI1.0</mdStanVer><metainfo><metd Sync="TRUE">20120319</metd><langmeta Sync="TRUE">en</langmeta><metstdn Sync="TRUE">FGDC Content Standards for Digital Geospatial Metadata</metstdn><metstdv Sync="TRUE">FGDC-STD-001-1998</metstdv><mettc Sync="TRUE">local time</mettc><metc><cntinfo><cntorgp><cntper>REQUIRED: The person responsible for the metadata information.</cntper><cntorg>REQUIRED: The organization responsible for the metadata information.</cntorg></cntorgp><cntaddr><addrtype>REQUIRED: The mailing and/or physical address for the organization or individual.</addrtype><city>REQUIRED: The city of the address.</city><state>REQUIRED: The state or province of the address.</state><postal>REQUIRED: The ZIP or other postal code of the address.</postal></cntaddr><cntvoice>REQUIRED: The telephone number by which individuals can speak to the organization or individual.</cntvoice></cntinfo></metc></metainfo><idinfo><citation><citeinfo><onlink Sync="TRUE">Server=salvia.cc.cec.eu.int; Service=port:5153; User=gisco; Version=SDE.DEFAULT</onlink><origin>REQUIRED: The name of an organization or individual that developed the data set.</origin><pubdate>REQUIRED: The date when the data set is published or otherwise made available for release.</pubdate><title Sync="TRUE">GISCO.CNTR_LB_2010</title><ftname Sync="TRUE">GISCO.CNTR_LB_2010</ftname><geoform Sync="TRUE">vector digital data</geoform></citeinfo></citation><native Sync="TRUE">Microsoft Windows XP Version 5.1 (Build 2600) Service Pack 3; ESRI ArcCatalog 9.3.1.4000</native><descript><langdata Sync="TRUE">en</langdata><abstract>REQUIRED: A brief narrative summary of the data set.</abstract><purpose>REQUIRED: A summary of the intentions with which the data set was developed.</purpose></descript><timeperd><current>REQUIRED: The basis on which the time period of content information is determined.</current><timeinfo><sngdate><caldate>REQUIRED: The year (and optionally month, or month and day) for which the data set corresponds to the ground.</caldate></sngdate></timeinfo></timeperd><status><progress>REQUIRED: The state of the data set.</progress><update>REQUIRED: The frequency with which changes and additions are made to the data set after the initial data set is completed.</update></status><spdom><bounding><westbc Sync="TRUE">-177.194355</westbc><eastbc Sync="TRUE">178.690656</eastbc><northbc Sync="TRUE">78.221620</northbc><southbc Sync="TRUE">-80.724251</southbc></bounding><lboundng><leftbc Sync="TRUE">-177.194355</leftbc><rightbc Sync="TRUE">178.690656</rightbc><bottombc Sync="TRUE">-80.724251</bottombc><topbc Sync="TRUE">78.221620</topbc></lboundng></spdom><keywords><theme><themekt>REQUIRED: Reference to a formally registered thesaurus or a similar authoritative source of theme keywords.</themekt><themekey>REQUIRED: Common-use word or phrase used to describe the subject of the data set.</themekey></theme></keywords><accconst>REQUIRED: Restrictions and legal prerequisites for accessing the data set.</accconst><useconst>REQUIRED: Restrictions and legal prerequisites for using the data set after access is granted.</useconst><natvform Sync="TRUE">SDE Feature Class</natvform></idinfo><distinfo><resdesc Sync="TRUE">Downloadable Data</resdesc></distinfo><spdoinfo><direct Sync="TRUE">Vector</direct><ptvctinf><esriterm><efeatyp Sync="TRUE">Simple</efeatyp><efeageom code="1" Sync="TRUE"></efeageom><esritopo Sync="TRUE">FALSE</esritopo><efeacnt Sync="TRUE">0</efeacnt><spindex Sync="TRUE">FALSE</spindex><linrefer Sync="TRUE">FALSE</linrefer></esriterm></ptvctinf></spdoinfo><spref><horizsys><cordsysn><geogcsn Sync="TRUE">GCS_ETRS_1989</geogcsn></cordsysn><geograph><geogunit Sync="TRUE">Decimal degrees</geogunit><latres Sync="TRUE">0.000000</latres><longres Sync="TRUE">0.000000</longres></geograph><geodetic><horizdn Sync="TRUE">D_ETRS_1989</horizdn><ellips Sync="TRUE">Geodetic Reference System 80</ellips><semiaxis Sync="TRUE">6378137.000000</semiaxis><denflat Sync="TRUE">298.257222</denflat></geodetic></horizsys><vertdef><altsys><altenc Sync="TRUE">Explicit elevation coordinate included with horizontal coordinates</altenc><altres Sync="TRUE">1.000000</altres></altsys></vertdef></spref><mdContact xmlns=""><rpOrgName>European Commission, Eurostat (ESTAT), GISCO</rpOrgName><rpCntInfo><cntAddress addressType=""><eMailAdd>estat-gisco@ec.europa.eu</eMailAdd></cntAddress></rpCntInfo></mdContact></metadata>
