<?xml version="1.0" encoding="UTF-8"?><MD_Metadata xmlns="http://www.isotc211.org/2005/gmd" xmlns:gco="http://www.isotc211.org/2005/gco" xmlns:gmd="http://www.isotc211.org/2005/gmd" xmlns:gml="http://www.opengis.net/gml" xmlns:xlink="http://www.w3.org/1999/xlink" xmlns:xsi="http://www.w3.org/2001/XMLSchema-instance" xsi:schemaLocation="http://www.isotc211.org/2005/gmd http://schemas.opengis.net/iso/19139/20060504/gmd/gmd.xsd">
	<fileIdentifier><CharacterString xmlns="http://www.isotc211.org/2005/gco">{CBDA0977-1B72-4A0A-AA2B-30D91E8BC62B}</CharacterString></fileIdentifier>
	<language>
		<gmd:LanguageCode codeList="http://standards.iso.org/ittf/PubliclyAvailableStandards/ISO_19139_Schemas/resources/Codelist/ML_gmxCodelists.xml#LanguageCode" codeListValue="eng">eng</gmd:LanguageCode>
	</language>
	<hierarchyLevel>
		<MD_ScopeCode codeList="http://standards.iso.org/ittf/PubliclyAvailableStandards/ISO_19139_Schemas/resources/Codelist/ML_gmxCodelists.xml#MD_ScopeCode" codeListValue="dataset">dataset</MD_ScopeCode>
	</hierarchyLevel>
	<contact>
		<CI_ResponsibleParty>
			<organisationName>
				<gco:CharacterString>European Commission, Eurostat (ESTAT), GISCO</gco:CharacterString>
			</organisationName>
			<contactInfo>
				<CI_Contact>
					<address>
						<CI_Address>
							<electronicMailAddress>
								<gco:CharacterString>estat-gisco@ec.europa.eu</gco:CharacterString>
							</electronicMailAddress>
						</CI_Address>
					</address>
				</CI_Contact>
			</contactInfo>
			<role>
				<CI_RoleCode codeList="http://www.isotc211.org/2005/resources/Codelist/gmxCodelists.xml#CI_RoleCode" codeListValue="pointOfContact"/>
			</role>
		</CI_ResponsibleParty>
	</contact>
	<dateStamp>
		<gco:Date>2014-01-13</gco:Date>
	</dateStamp>
	<metadataStandardName>
		<gco:CharacterString>INSPIRE Metadata Commission Regulation (EC) No 1205/2008</gco:CharacterString>
	</metadataStandardName>
	<metadataStandardVersion>
		<gco:CharacterString>03.12.2008</gco:CharacterString>
	</metadataStandardVersion>
	<locale>
		<gmd:PT_Locale id="eng">
			<gmd:languageCode>
				<gmd:LanguageCode codeList="http://www.isotc211.org/2005/resources/Codelist/gmxCodelists.xml#LanguageCode" codeListValue="eng">English</gmd:LanguageCode>
			</gmd:languageCode>
			<gmd:characterEncoding>
				<gmd:MD_CharacterSetCode codeList="http://www.isotc211.org/2005/resources/Codelist/gmxCodelists.xml#MD_CharacterSetCode" codeListValue="utf8">UTF-8</gmd:MD_CharacterSetCode>
			</gmd:characterEncoding>
		</gmd:PT_Locale>
	</locale>
	<identificationInfo>
		<MD_DataIdentification>
			<citation>
				<CI_Citation>
					<title>
						<gco:CharacterString>Countries, 2014 - Administrative Units - Dataset</gco:CharacterString>
					</title>
					
					<date>
						<CI_Date>
							<date>
								<gco:Date>2011-12-21</gco:Date>
							</date>
							<dateType>
								<CI_DateTypeCode codeList="http://www.isotc211.org/2005/resources/Codelist/gmxCodelists.xml#CI_DateTypeCode" codeListValue="creation"/>
							</dateType>
						</CI_Date>
					</date>
					
					<identifier>
						<MD_Identifier>
							<code>
								<gco:CharacterString>{5C27B6C0-BC1C-4175-9B0B-783AEEBAAD61}</gco:CharacterString>
							</code>
						</MD_Identifier>
					</identifier>
				</CI_Citation>
			</citation>
			<abstract>
				<gco:CharacterString>This data set contains the administrative boundaries at country level of the world and is based on the geometry from EBM v5.0. of EuroGeographics for the members of Eurogeographics, the Global Administrative Units Layer (2008) from FAO (UN) and geometry from the Turkish National Statistical Office. This dataset consists of 2 feature classes (regions, boundaries) per scale level and there are 6 different scale levels (100K, 1M, 3M, 10M, 20M and 60M). The data is an update of Countries 2010 chnaged to reflect new countries such as South Sudan and changes in EU status of some countries&#13;
&#13;
The public data set (1M - 60M) is available under the &amp;quot;Download link&amp;quot; indicated below. The full data set (100K - 60M) &amp;quot;GISCO.CNTR_2010&amp;quot; is available via the &amp;quot;EC restricted download link&amp;quot;.</gco:CharacterString>
			</abstract>
			<pointOfContact>
				<CI_ResponsibleParty>
					<organisationName>
						<gco:CharacterString>European Commission, Eurostat (ESTAT), GISCO</gco:CharacterString>
					</organisationName>
					<contactInfo>
						<CI_Contact>
							<address>
								<CI_Address>
									<electronicMailAddress>
										<gco:CharacterString>estat-gisco@ec.europa.eu</gco:CharacterString>
									</electronicMailAddress>
								</CI_Address>
							</address>
						</CI_Contact>
					</contactInfo>
					<role>
						<CI_RoleCode codeList="http://www.isotc211.org/2005/resources/Codelist/gmxCodelists.xml#CI_RoleCode" codeListValue="custodian">custodian</CI_RoleCode>
					</role>
				</CI_ResponsibleParty>
			</pointOfContact>
			
			<descriptiveKeywords xlink:title="inspire-data-theme-keywords">
				<gmd:MD_Keywords>
					<gmd:keyword>
						<gco:CharacterString>Administrative units</gco:CharacterString>
					</gmd:keyword>
					<thesaurusName>
						<CI_Citation>
							<title>
								<gco:CharacterString>GEMET - INSPIRE themes, version 1.0</gco:CharacterString>
							</title>
							<date>
								<CI_Date>
									<date>
										<gco:Date>2008-06-01</gco:Date>
									</date>
									<dateType>
										<CI_DateTypeCode codeList="http://standards.iso.org/ittf/PubliclyAvailableStandards/ISO_19139_Schemas/resources/Codelist/ML_gmxCodelists.xml#CI_DateTypeCode" codeListValue="publication">publication</CI_DateTypeCode>
									</dateType>
								</CI_Date>
							</date>
						</CI_Citation>
					</thesaurusName>
				</gmd:MD_Keywords>
			</descriptiveKeywords>
			<descriptiveKeywords xlink:title="custom-keywords">
				<gmd:MD_Keywords>
					<gmd:keyword>
						<gco:CharacterString>Countries</gco:CharacterString>
					</gmd:keyword>
<gmd:keyword>
						<gco:CharacterString>INSPIREGEOPORTAL</gco:CharacterString>
					</gmd:keyword>
					
				</gmd:MD_Keywords>
			</descriptiveKeywords>
			
			<resourceConstraints>
				<MD_Constraints>
					<useLimitation>
						<gco:CharacterString>This data set should be referred to as &amp;quot;Countries, 2014 - European Commission, Eurostat/GISCO&amp;quot; An overview of the use conditions is given below. The detailed use conditions are available here: https://circabc.europa.eu/d/d/workspace/SpacesStore/6f5186f3-908b-413a-8687-191604976751/EuroGeographics%20Use%20Conditions%20-%20From%20Contract.pdf Access to the detailed data is restricted to the personnel of the European Commission, the Executive Agencies and contractors, due to intellectual property rights. The contractors can access the data after signing an agreement form. The agreement form can be requested by the responsible service from European Commission - Eurostat/GISCO (ESTAT-GISCO@ec.europa.eu). Once the form has been signed, access will be provided by European Commission - Eurostat/GISCO. Data can be published in the form of electronic images, statistical tables and on paper. Subsets of this data can be made available to the general public for non commercial use, only if the data covered either has a spatial resolution of 1:1.000.000 or smaller, or less than 20% of the original EuroGeographics data is shown for the selected extent. The source and intellectual property have always to be acknowledged. To this end, an acknowledgement as specified below must be visible on any printed or electronic publication using the data. Acknowledgement notice, depending on the language used in the publication: English: Administrative boundaries: © EuroGeographics, © FAO (UN), © TurkStat Source: European Commission – Eurostat/GISCO French: Limites administratives: © EuroGeographics, © FAO (UN), © TurkStat Source: Commission européenne – Eurostat/GISCO German: Verwaltungsgrenzen: © EuroGeographics, © FAO (UN), © TurkStat Quelle: Europäische Kommission - Eurostat/GISCO For publications in languages other than English, French or German, the translation of the acknowledgement notice in the language of the publication must be used.</gco:CharacterString>
					</useLimitation>
				</MD_Constraints>
			</resourceConstraints>
			<resourceConstraints>
				<MD_LegalConstraints>
					<accessConstraints>
						<MD_RestrictionCode codeList="http://standards.iso.org/ittf/PubliclyAvailableStandards/ISO_19139_Schemas/resources/Codelist/gmxCodelists.xml#MD_RestrictionCode" codeListValue="otherRestrictions">otherRestrictions</MD_RestrictionCode>
					</accessConstraints>
					<otherConstraints>
						<gco:CharacterString>(e) intellectual property rights</gco:CharacterString>
					</otherConstraints>
				</MD_LegalConstraints>
			</resourceConstraints>
			<spatialResolution>
				<MD_Resolution>
					<equivalentScale>
						<MD_RepresentativeFraction>
							<denominator>
								<gco:Integer>100000</gco:Integer>
							</denominator>
						</MD_RepresentativeFraction>
					</equivalentScale>
				</MD_Resolution>
			</spatialResolution>
			<spatialResolution>
				<MD_Resolution>
					<equivalentScale>
						<MD_RepresentativeFraction>
							<denominator>
								<gco:Integer>60000000</gco:Integer>
							</denominator>
						</MD_RepresentativeFraction>
					</equivalentScale>
				</MD_Resolution>
			</spatialResolution>
			
			
			<language>
				<gco:CharacterString>eng</gco:CharacterString>
			</language>
			<topicCategory>
				<MD_TopicCategoryCode>boundaries</MD_TopicCategoryCode>
			</topicCategory>
			<extent>
				<EX_Extent>
					<geographicElement>
						<EX_GeographicBoundingBox>
							<westBoundLongitude>
								<gco:Decimal>-180</gco:Decimal>
							</westBoundLongitude>
							<eastBoundLongitude>
								<gco:Decimal>180</gco:Decimal>
							</eastBoundLongitude>
							<southBoundLatitude>
								<gco:Decimal>-90</gco:Decimal>
							</southBoundLatitude>
							<northBoundLatitude>
								<gco:Decimal>90</gco:Decimal>
							</northBoundLatitude>
						</EX_GeographicBoundingBox>
					</geographicElement>
					
				</EX_Extent>
			</extent>
		</MD_DataIdentification>
	</identificationInfo>


	<distributionInfo>
		<MD_Distribution>
			
			<transferOptions>
				<MD_DigitalTransferOptions>
					<onLine>
						<CI_OnlineResource>
							<linkage>
								<URL>https://circabc.europa.eu/d/d/workspace/SpacesStore/475ee0bc-5a40-447f-97ab-94c8e1464d72/GISCO%20DB%20Manual%20v2.2.1.pdf</URL>
							</linkage>
							<function>
								<CI_OnLineFunctionCode codeList="http://www.isotc211.org/2005/resources/Codelist/gmxCodelists.xml#CI_OnLineFunctionCode" codeListValue="information"/>
							</function>
						</CI_OnlineResource>
					</onLine>
				</MD_DigitalTransferOptions>
			</transferOptions>
			<transferOptions>
				<MD_DigitalTransferOptions>
					<onLine>
						<CI_OnlineResource>
							<linkage>
								<URL>http://epp.eurostat.ec.europa.eu/portal/page/portal/gisco_Geographical_information_maps/popups/references/administrative_units_statistical_units_1</URL>
							</linkage>
							<function>
								<CI_OnLineFunctionCode codeList="http://www.isotc211.org/2005/resources/Codelist/gmxCodelists.xml#CI_OnLineFunctionCode" codeListValue="download"/>
							</function>
						</CI_OnlineResource>
					</onLine>
				</MD_DigitalTransferOptions>
			</transferOptions>
			<transferOptions>
				<MD_DigitalTransferOptions>
					<onLine>
						<CI_OnlineResource>
							<linkage>
								<URL>http://myintracomm.ec.europa.eu/dg/ESTAT/6-tools/GISCO/AccessGeographicalRef%20Database/Pages/AccessGeographicalRefDatabase.aspx</URL>
							</linkage>
							<function>
								<CI_OnLineFunctionCode codeList="http://www.isotc211.org/2005/resources/Codelist/gmxCodelists.xml#CI_OnLineFunctionCode" codeListValue="offlineAccess"/>
							</function>
						</CI_OnlineResource>
					</onLine>
				</MD_DigitalTransferOptions>
			</transferOptions>
			
		</MD_Distribution>
	</distributionInfo>

	<dataQualityInfo>
		<DQ_DataQuality>
			<scope>
				<DQ_Scope>
					<level>
						<MD_ScopeCode codeList="http://www.isotc211.org/2005/resources/Codelist/gmxCodelists.xml#MD_ScopeCode" codeListValue=""/>
					</level>
				</DQ_Scope>
			</scope>
			<report>
				<DQ_DomainConsistency xsi:type="DQ_DomainConsistency_Type">
					<measureIdentification>
						<RS_Identifier>
							<code>
								<gco:CharacterString>Conformity_001</gco:CharacterString>
							</code>
							<codeSpace>
								<gco:CharacterString>INSPIRE</gco:CharacterString>
							</codeSpace>
						</RS_Identifier>
					</measureIdentification>
					<result>
						<DQ_ConformanceResult xsi:type="DQ_ConformanceResult_Type">
							<specification>
								<CI_Citation>
									<title>
										<gco:CharacterString>Commission Regulation (EU) No 1089/2010 of 23 November 2010 implementing Directive 2007/2/EC of the European Parliament and of the Council as regards interoperability of spatial data sets and services</gco:CharacterString>
									</title>
									<date>
										<CI_Date>
											<date>
												<gco:Date>2010-11-23</gco:Date>
											</date>
											<dateType>
												<CI_DateTypeCode codeList="http://standards.iso.org/ittf/PubliclyAvailableStandards/ISO_19139_Schemas/resources/Codelist/ML_gmxCodelists.xml#CI_DateTypeCode" codeListValue="creation">creation</CI_DateTypeCode>
											</dateType>
										</CI_Date>
									</date>
								</CI_Citation>
							</specification>
							<explanation>
								<gco:CharacterString>See the referenced specification</gco:CharacterString>
							</explanation>
							<pass>
								
							</pass>
						</DQ_ConformanceResult>
					</result>
				</DQ_DomainConsistency>
			</report>
			
			
			<lineage>
				<LI_Lineage>
					<statement>
						<gco:CharacterString>The dataset is based on the geometry from EBM v5.0. of EuroGeographics for the members of Eurogeographics, the Global Administrative Units Layer (2008) from FAO (UN) and geometry from the Turkish National Statistical Office. This resulted in a common repository of geometry of which the different datasets were derived. The different scale levels were derived of generalisations of the common repository on 100K scale. This means that within each scale level the feature classes of all these datasets: COMM_2010, NUTS_2010, CNTR_2010, EEZ_2010 and COAS_2010, are fully coherent and compliant. Each scale level in the CNTR_2010 dataset consists of 2 feature classes (regions and boundaries) The boundaries and regions are related to each other through a relationship table. In addition to the region and boundary feature classes there is also 1 label feature class which is scale independent. For each CNTR in the region feature class there is exactly 1 label. Further information on the validity and lineage is available in the database manual on the INSPIRE@EC group on CIRCABC. https://circabc.europa.eu/w/browse/bf8ae55b-a09b-4f24-a0b8-1f5784e0080c&#13;
&#13;
&amp;gt; “2014-01-10 - Errors in data resolved. Mayotte now an overseas department of France and therefore merged with the France polygon. Saint Barthélemy now an overseas collectivity of France and is removed from the France record and a new record with the ISO code BL is created.”&#13;
2014-07-01 - Albania now EU candidate, South Sudan added, and Kosovo code changed to XK</gco:CharacterString>
					</statement>
				</LI_Lineage>
			</lineage>
		</DQ_DataQuality>
	</dataQualityInfo>
</MD_Metadata>